{
  "seq_len": 30,
  "threshold": 0.5,
  "mean_stress_probability": 0.2795381546020508,
  "max_stress_probability": 0.9768228530883789,
  "min_stress_probability": 0.023282786831259727,
  "auc": 0.9857184290915179,
  "accuracy": 0.9616660384470411,
  "f1": 0.9121685810519043,
  "precision": 0.9059873048550352,
  "recall": 0.9184347826086956,
  "tp": 5281,
  "fp": 548,
  "tn": 20232,
  "fn": 469
}
