{
    "seq_len": 30,
    "threshold": 0.5,
    "mean_stress_probability": 0.23096266388893127,
    "max_stress_probability": 0.9799593687057495,
    "min_stress_probability": 0.021088894456624985,
    "auc": 0.9826654475457169,
    "accuracy": 0.9557482095740671,
    "f1": 0.8915172796155979,
    "precision": 0.9511041009463722,
    "recall": 0.8389565217391305,
    "tp": 4824,
    "fp": 248,
    "tn": 20532,
    "fn": 926
}