{
  "seq_len": 60,
  "threshold": 0.5,
  "mean_stress_probability": 0.22535882890224457,
  "max_stress_probability": 0.9838572144508362,
  "min_stress_probability": 0.006463717669248581,
  "auc": 0.9860326548598287,
  "accuracy": 0.962145825462788,
  "f1": 0.9090909090909091,
  "precision": 0.9503034901365706,
  "recall": 0.871304347826087,
  "tp": 5010,
  "fp": 262,
  "tn": 20458,
  "fn": 740
}
