{
    "seq_len": 60,
    "threshold": 0.5,
    "mean_stress_probability": 0.22006960213184357,
    "max_stress_probability": 0.9833690524101257,
    "min_stress_probability": 0.009378412738442421,
    "auc": 0.9866755917408092,
    "accuracy": 0.9616547034378542,
    "f1": 0.9071278250526124,
    "precision": 0.9571345819656304,
    "recall": 0.8620869565217392,
    "tp": 4957,
    "fp": 222,
    "tn": 20498,
    "fn": 793
}