{
    "seq_len": 360,
    "threshold": 0.33,
    "threshold_precision": 0.9066666666666666,
    "threshold_recall": 0.8854166666666666,
    "threshold_fbeta": 0.8895866038723181,
    "mean_stress_probability": 0.2899211645126343,
    "max_stress_probability": 0.9860451817512512,
    "min_stress_probability": 0.05431912839412689,
    "auc": 0.9680939270994333,
    "accuracy": 0.9529201430274136,
    "f1": 0.8959156785243741,
    "precision": 0.9066666666666666,
    "recall": 0.8854166666666666,
    "tp": 340,
    "fp": 35,
    "tn": 1259,
    "fn": 44
}