{
  "seq_len": 90,
  "threshold": 0.5,
  "mean_stress_probability": 0.1846807599067688,
  "max_stress_probability": 0.9943841695785522,
  "min_stress_probability": 0.0009104997152462602,
  "auc": 0.9794920703733321,
  "accuracy": 0.9212419538053768,
  "f1": 0.7885749136003253,
  "precision": 0.9488747553816047,
  "recall": 0.674608695652174,
  "tp": 3879,
  "fp": 209,
  "tn": 20451,
  "fn": 1871
}
