{
    "seq_len": 90,
    "threshold": 0.5,
    "mean_stress_probability": 0.19835178554058075,
    "max_stress_probability": 0.9885482788085938,
    "min_stress_probability": 0.003346058540046215,
    "auc": 0.9829424470726884,
    "accuracy": 0.9391139719803104,
    "f1": 0.8434579439252337,
    "precision": 0.957983193277311,
    "recall": 0.7533913043478261,
    "tp": 4332,
    "fp": 190,
    "tn": 20470,
    "fn": 1418
}