{
    "seq_len": 120,
    "threshold_precision": 0.3335608894898956,
    "threshold_recall": 0.3700422642436931,
    "threshold_fbeta": 0.3243626877316627,
    "accuracy": 0.33805161714553833,
    "test_loss": 1.363101601600647,
    "f1": 0.3243626877316627,
    "precision": 0.3335608894898956,
    "recall": 0.3700422642436931,
    "mean_baseline_probability": 0.21393275260925293,
    "mean_amusement_probability": 0.41437098383903503,
    "mean_stress_probability": 0.3716963231563568
}