{
    "seq_len": 120,
    "threshold": 0.36,
    "threshold_precision": 0.963254593175853,
    "threshold_recall": 0.9557291666666666,
    "threshold_fbeta": 0.9572248304642671,
    "mean_stress_probability": 0.2934685945510864,
    "max_stress_probability": 0.9239777326583862,
    "min_stress_probability": 0.06561389565467834,
    "auc": 0.9837153289150712,
    "accuracy": 0.9822043628013777,
    "f1": 0.9594771241830066,
    "precision": 0.963254593175853,
    "recall": 0.9557291666666666,
    "tp": 367,
    "fp": 14,
    "tn": 1344,
    "fn": 17
}