{
  "seq_len": 240,
  "threshold": 0.35,
  "threshold_precision": 0.9521276595744681,
  "threshold_recall": 0.9322916666666666,
  "threshold_fbeta": 0.9361924686192469,
  "mean_stress_probability": 0.3261984884738922,
  "max_stress_probability": 0.9916279315948486,
  "min_stress_probability": 0.05759225785732269,
  "auc": 0.974455206762192,
  "accuracy": 0.9742690058479532,
  "f1": 0.9421052631578948,
  "precision": 0.9521276595744681,
  "recall": 0.9322916666666666,
  "tp": 358,
  "fp": 18,
  "tn": 1308,
  "fn": 26
}
